insert into NyZaKa.Users values
('yousef_elmahdy','developer','yousefelmahdy8@gmail.com','123456789','yousef','mostafa','1426','1310 '),
('gaserashraf','developer','gaserelking@gmail.com','123456789','gaser','ashraf','1500','1271'),
('El_Nebo','developer','mohamednaba9@gmail.com','123456789','mohamed','nabawei','1702','1702'),
('Deathly_Hallows','developer','killsmash1@gmail.com','123456789','mohamed','mostafa','1000','999'),
('Hassanosama','developer','hassan123@gmail.com','123456789','hassan','osama','2000','1955'),
('tmwilliamlin168','developer','play9874@gmail.com','123456789','yousef','mohamed','1598','1234'),
('sir_sayed98','developer','mohamedsayed11@gmail.com','123456789','mohamed','sayed','589','100'),
('AbdallahHemdan','developer','hemdan123@gmail.com','123456789','abdullah','hemdan','2012','2010'),
('MimixKiller','developer','mohamedhadidy@gmail.com','123456789','mohamed','mostafa','1001','999'),
('EngYousefGamal','developer','yousefgemi@gmail.com','123456789','yousef','gamal','1245','1000'),
('yahia3200','student','yahiazakaria@gmail.com','123456789','yahia','mostafa','1020','400'),
('We2Am','student','weaambasem@gmail.com','123456789','weaam','bassem','1000','500'),
('abdullahadel_aam','student','abdallahadel@gmail.com','123456789','abdullah','mostafa','100','0'),
('yousif_Ahmed','student','yousefahmed12@gmail.com','123456789','yousef','ahmed','1789','1235'),
('batyousef','student','yousefatef@gmail.com','123456789','yousef','atef','1245','102'),
('twix123','student','gaserashraf@gmail.com','123456789','gaser','mostafa','100','12'),
('MohamedFathyy','student','mohamedahmedfa55@gmail.com','123456789','mohamed','fathy','100','90'),
('Ghieath','student','ghieath999@gmail.com','123456789','ghaieath','mostafa','1541','1023'),
('Elmahdyy','student','yousefmostafa12@gmail.com','123456789','yousef','elmahdy','1897','1234'),
('Ossama_Magdy','student','osamagoogle@gmail.com','123456789','ossama','magdy','100','40');


insert into NyZaKa.Contest values
(1,'2020-01-01','3:00:00', 3),
(2,'2020-01-02','6:00:00', 3),
(3,'2020-01-03','5:00:00', 3),
(4,'2020-01-04','4:00:00', 3),
(5,'2020-01-05','3:00:00', 3),
(6,'2020-01-06','3:00:00', 3),
(7,'2020-01-07','3:00:00', 3),
(8,'2020-01-08','9:00:00', 3),
(9,'2020-01-09','3:00:00', 3),
(10,'2020-01-10','7:00:00', 3),
(11,'2020-01-11','3:00:00', 3),
(12,'2020-01-12','3:00:00', 3),
(13,'2020-01-13','1:00:00', 3),
(14,'2020-01-14','3:00:00', 3),
(15,'2020-01-15','3:00:00', 3),
(16,'2020-01-16','2:00:00', 3),
(17,'2020-01-17','6:00:00', 3),
(18,'2020-01-18','3:00:00', 3),
(19,'2020-01-19','5:00:00', 3),
(20,'2020-01-20','3:00:00', 3);


insert into NyZaKa.Documentation values
(1,'c++','binary search','Search a sorted array by repeatedly dividing the search interval in half. Begin with an interval covering the whole array. If the value of the search key is less than the item in the middle of the interval, narrow the interval to the lower half. Otherwise narrow it to the upper half. Repeatedly check until the value is found or the interval is empty.','2020-01-01','yousef_elmahdy'),
(2,'c++','Graph exploration','Unlike tree traversal, graph traversal may require that some vertices be visited more than once, since it is not necessarily known before transitioning to a vertex that it has already been explored. As graphs become more dense, this redundancy becomes more prevalent, causing computation time to increase; as graphs become more sparse, the opposite holds true.','2020-01-02','gaserashraf'),
(3,'c++','dfs','Depth First Traversal (or Search) for a graph is similar to Depth First Traversal of a tree. The only catch here is, unlike trees, graphs may contain cycles, a node may be visited twice. To avoid processing a node more than once, use a boolean visited array. ','2020-01-01','El_Nebo'),
(4,'c++','Implementation','In computer science, an implementation is a realization of a technical specification or algorithm as a program, software component, or other computer system through computer programming and deployment. Many implementations may exist for a given specification or standard.','2020-01-05','Deathly_Hallows'),
(5,'c++','Tree search','To approximate the shortest path in real-life situations, like- in maps, games where there can be many hindrances.','2020-01-01','AbdallahHemdan'),
(6,'c++','Heuristic','Heuristics are the strategies derived from previous experiences with similar problems. These strategies depend on using readily accessible, though loosely applicable, information to control problem solving in human beings, machines and abstract issues.','2020-01-01','MimixKiller'),
(7,'c++','dfs','Depth First Traversal (or Search) for a graph is similar to Depth First Traversal of a tree. The only catch here is, unlike trees, graphs may contain cycles, a node may be visited twice. To avoid processing a node more than once, use a boolean visited array. ','2020-01-10','Hassanosama'),
(8,'c++','Sorting','A sorting algorithm is said to be stable if two objects with equal keys appear in the same order in sorted output as they appear in the input array to be sorted.','2020-01-01','tmwilliamlin168'),
(9,'c++','Heuristic','Heuristics are the strategies derived from previous experiences with similar problems. These strategies depend on using readily accessible, though loosely applicable, information to control problem solving in human beings, machines and abstract issues.','2020-01-08','AbdallahHemdan'),
(10,'c++','dfs','Depth First Traversal (or Search) for a graph is similar to Depth First Traversal of a tree. The only catch here is, unlike trees, graphs may contain cycles, a node may be visited twice. To avoid processing a node more than once, use a boolean visited array. ','2020-01-01','MimixKiller'),
(11,'c++','Tree search','To approximate the shortest path in real-life situations, like- in maps, games where there can be many hindrances.','2020-01-01','Hassanosama'),
(12,'c++','dfs','Depth First Traversal (or Search) for a graph is similar to Depth First Traversal of a tree. The only catch here is, unlike trees, graphs may contain cycles, a node may be visited twice. To avoid processing a node more than once, use a boolean visited array. ','2020-01-09','yousef_elmahdy'),
(13,'c++','Tree search','To approximate the shortest path in real-life situations, like- in maps, games where there can be many hindrances','2020-01-30','AbdallahHemdan'),
(14,'c++','Implementation','In computer science, an implementation is a realization of a technical specification or algorithm as a program, software component, or other computer system through computer programming and deployment. Many implementations may exist for a given specification or standard.','2020-01-21','yousef_elmahdy'),
(15,'c++','Sorting','A sorting algorithm is said to be stable if two objects with equal keys appear in the same order in sorted output as they appear in the input array to be sorted.','2020-01-07','tmwilliamlin168'),
(16,'c++','Implementation','In computer science, an implementation is a realization of a technical specification or algorithm as a program, software component, or other computer system through computer programming and deployment. Many implementations may exist for a given specification or standard.','2020-01-04','Hassanosama'),
(17,'c++','Tree search','To approximate the shortest path in real-life situations, like- in maps, games where there can be many hindrances.','2020-01-05','Deathly_Hallows'),
(18,'c++','Implementation','In computer science, an implementation is a realization of a technical specification or algorithm as a program, software component, or other computer system through computer programming and deployment. Many implementations may exist for a given specification or standard.','2020-01-01','El_Nebo'),
(19,'c++','binary search','Search a sorted array by repeatedly dividing the search interval in half. Begin with an interval covering the whole array. If the value of the search key is less than the item in the middle of the interval, narrow the interval to the lower half. Otherwise narrow it to the upper half. Repeatedly check until the value is found or the interval is empty.','2020-01-03','gaserashraf'),
(20,'c++','Sorting','A sorting algorithm is said to be stable if two objects with equal keys appear in the same order in sorted output as they appear in the input array to be sorted.','2020-01-20','yousef_elmahdy');


insert into NyZaKa.articles values
(1,'c++','binary search','Search a sorted array by repeatedly dividing the search interval in half. Begin with an interval covering the whole array. If the value of the search key is less than the item in the middle of the interval, narrow the interval to the lower half. Otherwise narrow it to the upper half. Repeatedly check until the value is found or the interval is empty.','2020-01-01','yousef_elmahdy'),
(2,'c++','Graph exploration','Unlike tree traversal, graph traversal may require that some vertices be visited more than once, since it is not necessarily known before transitioning to a vertex that it has already been explored. As graphs become more dense, this redundancy becomes more prevalent, causing computation time to increase; as graphs become more sparse, the opposite holds true.','2020-01-02','gaserashraf'),
(3,'c++','dfs','Depth First Traversal (or Search) for a graph is similar to Depth First Traversal of a tree. The only catch here is, unlike trees, graphs may contain cycles, a node may be visited twice. To avoid processing a node more than once, use a boolean visited array. ','2020-01-01','El_Nebo'),
(4,'c++','Implementation','In computer science, an implementation is a realization of a technical specification or algorithm as a program, software component, or other computer system through computer programming and deployment. Many implementations may exist for a given specification or standard.','2020-01-05','Deathly_Hallows'),
(5,'c++','Tree search','To approximate the shortest path in real-life situations, like- in maps, games where there can be many hindrances.','2020-01-01','AbdallahHemdan'),
(6,'c++','Heuristic','Heuristics are the strategies derived from previous experiences with similar problems. These strategies depend on using readily accessible, though loosely applicable, information to control problem solving in human beings, machines and abstract issues.','2020-01-01','MimixKiller'),
(7,'c++','dfs','Depth First Traversal (or Search) for a graph is similar to Depth First Traversal of a tree. The only catch here is, unlike trees, graphs may contain cycles, a node may be visited twice. To avoid processing a node more than once, use a boolean visited array. ','2020-01-10','Hassanosama'),
(8,'c++','Sorting','A sorting algorithm is said to be stable if two objects with equal keys appear in the same order in sorted output as they appear in the input array to be sorted.','2020-01-01','tmwilliamlin168'),
(9,'c++','Heuristic','Heuristics are the strategies derived from previous experiences with similar problems. These strategies depend on using readily accessible, though loosely applicable, information to control problem solving in human beings, machines and abstract issues.','2020-01-08','AbdallahHemdan'),
(10,'c++','dfs','Depth First Traversal (or Search) for a graph is similar to Depth First Traversal of a tree. The only catch here is, unlike trees, graphs may contain cycles, a node may be visited twice. To avoid processing a node more than once, use a boolean visited array. ','2020-01-01','MimixKiller'),
(11,'c++','Tree search','To approximate the shortest path in real-life situations, like- in maps, games where there can be many hindrances.','2020-01-01','Hassanosama'),
(12,'c++','dfs','Depth First Traversal (or Search) for a graph is similar to Depth First Traversal of a tree. The only catch here is, unlike trees, graphs may contain cycles, a node may be visited twice. To avoid processing a node more than once, use a boolean visited array. ','2020-01-09','yousef_elmahdy'),
(13,'c++','Tree search','To approximate the shortest path in real-life situations, like- in maps, games where there can be many hindrances','2020-01-30','AbdallahHemdan'),
(14,'c++','Implementation','In computer science, an implementation is a realization of a technical specification or algorithm as a program, software component, or other computer system through computer programming and deployment. Many implementations may exist for a given specification or standard.','2020-01-21','yousef_elmahdy'),
(15,'c++','Sorting','A sorting algorithm is said to be stable if two objects with equal keys appear in the same order in sorted output as they appear in the input array to be sorted.','2020-01-07','tmwilliamlin168'),
(16,'c++','Implementation','In computer science, an implementation is a realization of a technical specification or algorithm as a program, software component, or other computer system through computer programming and deployment. Many implementations may exist for a given specification or standard.','2020-01-04','Hassanosama'),
(17,'c++','Tree search','To approximate the shortest path in real-life situations, like- in maps, games where there can be many hindrances.','2020-01-05','Deathly_Hallows'),
(18,'c++','Implementation','In computer science, an implementation is a realization of a technical specification or algorithm as a program, software component, or other computer system through computer programming and deployment. Many implementations may exist for a given specification or standard.','2020-01-01','El_Nebo'),
(19,'c++','binary search','Search a sorted array by repeatedly dividing the search interval in half. Begin with an interval covering the whole array. If the value of the search key is less than the item in the middle of the interval, narrow the interval to the lower half. Otherwise narrow it to the upper half. Repeatedly check until the value is found or the interval is empty.','2020-01-03','gaserashraf'),
(20,'c++','Sorting','A sorting algorithm is said to be stable if two objects with equal keys appear in the same order in sorted output as they appear in the input array to be sorted.','2020-01-20','yousef_elmahdy');


insert into NyZaKa.Groups_ values
('CMU ICPC Virtual Thing' ,'yousef_elmahdy'),
('10Tin CBN 2020_Tictactoe Contest' ,'gaserashraf'),
('Codeforces Shojin' ,'El_Nebo'),
('Ghaazzz' ,'Deathly_Hallows'),
('VSTU trenings' ,'Hassanosama'),
('lzu123' ,'yousef_elmahdy'),
('SMU_CPC' ,'Hassanosama'),
('farz' ,'tmwilliamlin168'),
('2007_Juniors_Seniors' ,'Deathly_Hallows'),
('Rookies Dream' ,'gaserashraf'),
('K0u1es' ,'El_Nebo'),
('OwO' ,'tmwilliamlin168'),
('Um_nik trial' ,'Hassanosama'),
('Codedigger' ,'yousef_elmahdy'),
('ECNU XCPC 2020 Trainings' ,'tmwilliamlin168'),
('KU ALPS October Contest' ,'Hassanosama'),
('XIV LO zwyciezcy OIa' ,'Deathly_Hallows'),
('BIET Jhansi' ,'El_Nebo'),
('ProPTIT Training C++' ,'gaserashraf'),
('Wstep do Informatyki 2020' ,'yousef_elmahdy');



insert into NyZaKa.Teams values
('Gunners' , 3200 , 3200 ,'yousef_elmahdy' , 'gaserashraf' , 'El_Nebo' ),
('Avengers' , 2000 , 1400 ,'Hassanosama' , 'Deathly_Hallows' , 'tmwilliamlin168' ),
('Chaos' , 1500 , 1211 ,'AbdallahHemdan' , 'sir_sayed98' , 'El_Nebo' ),
('Chargers' , 1155 , 1021 ,'MimixKiller' , 'EngYousefGamal' , 'Hassanosama' ),
('Chernobyl' , 2514 , 1421 ,'yahia3200' , 'We2Am' , 'El_Nebo' ),
('Blitzkrieg' , 1297 , 1144 ,'yousif_Ahmed' , 'abdullahadel_aam' , 'Hassanosama' ),
('Gargoyles' , 1789 , 1400 ,'batyousef' , 'twix123' , 'El_Nebo' ),
('hello' , 1987 , 1478 ,'MohamedFathyy' , 'Ghieath' , 'batyousef' ),
('Savages' , 2541 , 1978 ,'Elmahdyy' , 'Ossama_Magdy' , 'twix123' ),
('shots' , 1697 , 1245 ,'yousef_elmahdy' , 'Ghieath' , 'yousif_Ahmed' ),
('Rhinos' , 1356 , 1111 ,'MohamedFathyy' , 'Ossama_Magdy' , 'yousif_Ahmed' ),
('players' , 1598 , 1356 ,'twix123' , 'batyousef' , 'Deathly_Hallows' ),
('No Rules' , 1564 , 1478 ,'sir_sayed98' , 'We2Am' , 'El_Nebo' ),
('No Fear' , 1458 , 1400 ,'abdullahadel_aam' , 'MimixKiller' , 'EngYousefGamal' ),
('Soldiers' , 1478 , 1400 ,'gaserashraf' , 'EngYousefGamal' , 'MohamedFathyy' ),
('Slayers' , 1364 , 987 ,'MohamedFathyy' , 'sir_sayed98' , 'El_Nebo' ),
('Annihilators' , 1497 , 1010 ,'twix123' , 'AbdallahHemdan' , 'Deathly_Hallows' ),
('Little Boy' , 1964 , 1466 ,'yousef_elmahdy' , 'tmwilliamlin168' , 'Ghieath' ),
('Lethal' , 2648 , 1987 ,'gaserashraf' , 'Deathly_Hallows' , 'El_Nebo' ),
('Hellraisers' , 2589 , 1987 ,'yousef_elmahdy' , 'Hassanosama' , 'Ghieath' );

insert into NyZaKa.Friends values
('yousef_elmahdy' , 'AbdallahHemdan'),
('gaserashraf' , 'Deathly_Hallows'),
('EngYousefGamal' , 'yahia3200'),
('We2Am' , 'Deathly_Hallows'),
('tmwilliamlin168' , 'yousif_Ahmed'),
('twix123' , 'batyousef'),
('sir_sayed98' , 'Elmahdyy'),
('batyousef' , 'tmwilliamlin168'),
('yousif_Ahmed' , 'abdullahadel_aam'),
('MimixKiller' , 'Ghieath'),
('gaserashraf' , 'yousef_elmahdy'),
('EngYousefGamal' , 'MohamedFathyy'),
('abdullahadel_aam' , 'Ghieath'),
('sir_sayed98' , 'Hassanosama'),
('twix123' , 'Ossama_Magdy'),
('AbdallahHemdan' , 'MimixKiller'),
('El_Nebo' , 'yousef_elmahdy'),
('We2Am' , 'yahia3200'),
('Ossama_Magdy' , 'Elmahdyy'),
('Hassanosama' , 'El_Nebo');

insert into NyZaKa.Group_Members values
('CMU ICPC Virtual Thing' , 'AbdallahHemdan'),
('10Tin CBN 2020_Tictactoe Contest' , 'Deathly_Hallows'),
('Um_nik trial' , 'yahia3200'),
('K0u1es' , 'Deathly_Hallows'),
('Wstep do Informatyki 2020' , 'yousif_Ahmed'),
('Rookies Dream' , 'batyousef'),
('2007_Juniors_Seniors' , 'Elmahdyy'),
('SMU_CPC' , 'tmwilliamlin168'),
('2007_Juniors_Seniors' , 'abdullahadel_aam'),
('Wstep do Informatyki 2020' , 'Ghieath'),
('SMU_CPC' , 'yousef_elmahdy'),
('K0u1es' , 'MohamedFathyy'),
('Rookies Dream' , 'Ghieath'),
('Codedigger' , 'Hassanosama'),
('OwO' , 'Ossama_Magdy'),
('Um_nik trial' , 'MimixKiller'),
('OwO' , 'yousef_elmahdy'),
('Codedigger' , 'yahia3200'),
('CMU ICPC Virtual Thing' , 'Elmahdyy'),
('10Tin CBN 2020_Tictactoe Contest' , 'El_Nebo');

insert into NyZaKa.Group_Admins values
('CMU ICPC Virtual Thing' ,'yousef_elmahdy'),
('10Tin CBN 2020_Tictactoe Contest' ,'gaserashraf'),
('Codeforces Shojin' ,'El_Nebo'),
('Ghaazzz' ,'Deathly_Hallows'),
('VSTU trenings' ,'Hassanosama'),
('lzu123' ,'yousef_elmahdy'),
('SMU_CPC' ,'Hassanosama'),
('farz' ,'tmwilliamlin168'),
('2007_Juniors_Seniors' ,'Deathly_Hallows'),
('Rookies Dream' ,'gaserashraf'),
('K0u1es' ,'El_Nebo'),
('OwO' ,'tmwilliamlin168'),
('Um_nik trial' ,'Hassanosama'),
('Codedigger' ,'yousef_elmahdy'),
('ECNU XCPC 2020 Trainings' ,'tmwilliamlin168'),
('KU ALPS October Contest' ,'Hassanosama'),
('XIV LO zwyciezcy OIa' ,'Deathly_Hallows'),
('BIET Jhansi' ,'El_Nebo'),
('ProPTIT Training C++' ,'gaserashraf'),
('Wstep do Informatyki 2020' ,'yousef_elmahdy');


insert into NyZaKa.Participate values
(1 , 'yousef_elmahdy' , 50),
(2 , 'gaserashraf' , 50),
(3 , 'EngYousefGamal' , 40),
(4 , 'AbdallahHemdan' , 90),
(1 , 'sir_sayed98' , 50),
(5 , 'Deathly_Hallows' , 80),
(6 , 'MohamedFathyy' , 90),
(7 , 'MimixKiller' , 50),
(8 , 'El_Nebo' , 50),
(11 , 'Deathly_Hallows' , 40),
(10 , 'gaserashraf' , 30),
(19 , 'MimixKiller' , 20),
(9 , 'Deathly_Hallows' , 70),
(18 , 'AbdallahHemdan' , 90),
(17 , 'El_Nebo' , 10),
(16 , 'Deathly_Hallows' , 30),
(15 , 'yousef_elmahdy' , 20),
(12 , 'MohamedFathyy' , 60),
(13 , 'Deathly_Hallows' , 70),
(18 , 'EngYousefGamal' , 90);


insert into NyZaKa.Team_Participate values
(1 , 'Gunners' , 50),
(2 , 'Chaos' , 50),
(3 , 'Chargers' , 40),
(4 , 'Chernobyl' , 90),
(1 , 'Avengers' , 50),
(5 , 'Blitzkrieg' , 80),
(6 , 'Gargoyles' , 90),
(7 , 'hello' , 50),
(8 , 'No Fear' , 50),
(11 , 'No Fear' , 40),
(10 , 'hello' , 30),
(19 , 'No Rules' , 20),
(9 , 'No Rules' , 70),
(18 , 'Avengers' , 90),
(17 , 'Gargoyles' , 10),
(16 , 'Blitzkrieg' , 30),
(15 , 'Chernobyl' , 20),
(12 , 'Chargers' , 60),
(13 , 'Chaos' , 70),
(18 , 'Gunners' , 90);


insert into NyZaKa.Problem values
( 1 , 'brute force' , 'Watermelon' , 'yousef_elmahdy' , '5' , 'NO' , 'Pete and Billy are great fans of even numbers, thats why they want to divide the watermelon in such a way that each of the two parts weighs even number of kilos, at the same time it is not obligatory that the parts are equal. The boys are extremely tired and want to start their meal as soon as possible, thats why you should help them and find out, if they can divide the watermelon in the way they want. For sure, each of them should get a part of positive weight.' , 'The first (and the only) input line contains integer number w (1 ≤ w ≤ 100) — the weight of the watermelon bought by the boys.' , 'Print YES, if the boys can divide the watermelon into two parts, each of them weighing even number of kilos; and NO in the opposite case.' , 80 , 800 , '8' , 'YES' ),
( 2 , 'string' , 'Way Too Long Words' , 'gaserashraf' , '5 abcdefgh abcdefghi abcdefghij abcdefghijk abcdefghijklm' , 'abcdefgh abcdefghi abcdefghij a9k a11m' , 'Lets consider a word too long, if its length is strictly more than 10 characters. All too long words should be replaced with a special abbreviation.This abbreviation is made like this: we write down the first and the last letter of a word and between them we write the number of letters between the first and the last letters. That number is in decimal system and doesnt contain any leading zeroes.Thus, "localization" will be spelt as "l10n", and "internationalization» will be spelt as "i18n".You are suggested to automatize the process of changing the words with abbreviations. At that all too long words should be replaced by the abbreviation and the words that are not too long should not undergo any changes.' , 'The first line contains an integer n (1 ≤ n ≤ 100). Each of the following n lines contains one word. All the words consist of lowercase Latin letters and possess the lengths of from 1 to 100 characters.' , 'Print n lines. The i-th line should contain the result of replacing of the i-th word from the input data.' , 90 , 900 , '3 word localization internationalization ' , 'word l10n i18n' ),
( 3 , 'math' , 'Theatre Square' , 'Hassanosama' , '1 1 3' , '1' , 'Theatre Square in the capital city of Berland has a rectangular shape with the size n × m meters. On the occasion of the citys anniversary, a decision was taken to pave the Square with square granite flagstones. Each flagstone is of the size a × a. What is the least number of flagstones needed to pave the Square? Its allowed to cover the surface larger than the Theatre Square, but the Square has to be covered. Its not allowed to break the flagstones. The sides of flagstones should be parallel to the sides of the Square.' , 'The input contains three positive integer numbers in the first line: n,  m and a (1 ≤  n, m, a ≤ 109).' , 'Write the needed number of flagstones.' , 50 , 500 , '6 6 4' , '4' ),
( 4 , 'string' , 'String Task' , 'tmwilliamlin168' , 'Codeforces' , '.c.d.f.r.c.s' , 'Petya started to attend programming lessons. On the first lesson his task was to write a simple program. The program was supposed to do the following: in the given string, consisting if uppercase and lowercase Latin letters, it: deletes all the vowels, inserts a character "." before each consonant, replaces all uppercase consonants with corresponding lowercase ones. Vowels are letters "A", "O", "Y", "E", "U", "I", and the rest are consonants. The programs input is exactly one string, it should return the output as a single string, resulting after the programs processing the initial string.' , 'The first line represents input string of Petyas program. This string only consists of uppercase and lowercase Latin letters and its length is from 1 to 100, inclusive.' , 'Print the resulting string. It is guaranteed that this string is not empty.' , 110 , 1100 , 'tour' , '.t.r' ),
( 5 , 'greedy' , 'Domino piling' , 'Deathly_Hallows' , '3 3' , '4' , 'You are given a rectangular board of M × N squares. Also you are given an unlimited number of standard domino pieces of 2 × 1 squares. You are allowed to rotate the pieces. You are asked to place as many dominoes as possible on the board so as to meet the following conditions: 1. Each domino completely covers two squares. 2. No two dominoes overlap. 3. Each domino lies entirely inside the board. It is allowed to touch the edges of the board. Find the maximum number of dominoes, which can be placed under these restrictions.' , 'In a single line you are given two integers M and N — board sizes in squares (1 ≤ M ≤ N ≤ 16).' , 'Output one number — the maximal number of dominoes, which can be placed.' , 70 , 700 , '2 4' , '4' ),
( 6 , 'implementation' , 'Petya and Strings' , 'tmwilliamlin168' , 'abs Abz' , '-1' , 'Little Petya loves presents. His mum bought him two strings of the same size for his birthday. The strings consist of uppercase and lowercase Latin letters. Now Petya wants to compare those two strings lexicographically. The letters case does not matter, that is an uppercase letter is considered equivalent to the corresponding lowercase letter. Help Petya perform the comparison.' , 'Each of the first two lines contains a bought string. The strings lengths range from 1 to 100 inclusive. It is guaranteed that the strings are of the same length and also consist of uppercase and lowercase Latin letters.' , 'If the first string is less than the second one, print "-1". If the second string is less than the first one, print "1". If the strings are equal, print "0". Note that the letters case is not taken into consideration when the strings are compared.' , 210 , 2100 , 'aaaa aaaA' , '0' ),
( 7 , 'sorting' , 'Helpful Maths' , 'AbdallahHemdan' , '2' , '2' , 'The teacher has written down the sum of multiple numbers. Pupils should calculate the sum. To make the calculation easier, the sum only contains numbers 1, 2 and 3. Still, that isnt enough for Xenia. She is only beginning to count, so she can calculate a sum only if the summands follow in non-decreasing order. For example, she cant calculate sum 1+3+2+1 but she can calculate sums 1+1+2 and 3+3. Youve got the sum that was written on the board. Rearrange the summans and print the sum in such a way that Xenia can calculate the sum.' , 'The first line contains a non-empty string s — the sum Xenia needs to count. String s contains no spaces. It only contains digits and characters "+". Besides, string s is a correct sum of numbers 1, 2 and 3. String s is at most 100 characters long.' , 'Print the new sum that Xenia can count.' , 220 , 2200 , '3+2+1' , '1+2+3' ),
( 8 , 'string' , 'Word Capitalization' , 'yousef_elmahdy' , 'konjac' , 'Konjac' , 'Capitalization is writing a word with its first letter as a capital letter. Your task is to capitalize the given word. Note, that during capitalization all the letters except the first one remains unchanged.' , 'A single line contains a non-empty word. This word consists of lowercase and uppercase English letters. The length of the word will not exceed 103.' , 'Output the given word after capitalization.' , 120 , 1200 , 'ApPLe' , 'ApPLe' ),
( 9 , 'brute force' , 'Boy or Girl' , 'sir_sayed98' , 'sevenkplus' , 'CHAT WITH HER!' , 'Those days, many boys use beautiful girls photos as avatars in forums. So it is pretty hard to tell the gender of a user at the first glance. Last year, our hero went to a forum and had a nice chat with a beauty (he thought so). After that they talked very often and eventually they became a couple in the network. But yesterday, he came to see "her" in the real world and found out "she" is actually a very strong man! Our hero is very sad and he is too tired to love again now. So he came up with a way to recognize users genders by their user names. This is his method: if the number of distinct characters in ones user name is odd, then he is a male, otherwise she is a female. You are given the string that denotes the user name, please help our hero to determine the gender of this user by his method.' , 'The first line contains a non-empty string, that contains only lowercase English letters — the user name. This string contains at most 100 letters.' , 'If it is a female by our heros method, print "CHAT WITH HER!" (without the quotes), otherwise, print "IGNORE HIM!" (without the quotes).' , 130 , 1300 , 'wjmzbmr' , 'CHAT WITH HER!' );


insert into NyZaKa.Contest_Problems values
( 1 , 1 ),
( 2 , 2 ),
( 3 , 3 ),
( 4 , 4 ),
( 5 , 5 ),
( 6 , 6 ),
( 7 , 7 ),
( 8 , 8 ),
( 9 , 9 ),
( 10 , 1 ),
( 11 , 2 ),
( 12 , 3 ),
( 13 , 4 ),
( 14 , 5 ),
( 15 , 6 ),
( 16 , 7 ),
( 17 , 8 ),
( 18 , 9 ),
( 19 , 1 ),
( 20 ,  2);



insert into NyZaKa.Submissions values
( 1 , 1 , 'yousef_elmahdy' , '2020-01-01 05:06:45' , 'YES' , 'Rejected' ),
( 2 , 2 , 'gaserashraf' , '2020-01-05 02:07:41' , 'abcdefgh abcdefghi abcdefghij a9k a11m'  , 'Accepted' ),
( 3 , 4 ,  'AbdallahHemdan' , '2020-01-10 10:06:00' , '.c.d.f.r.c' , 'Rejected' ),
( 4 , 5 ,  'yousef_elmahdy' , '2020-02-01 00:00:00' , '4' , 'Accepted' ),
( 5 , 1 ,  'twix123' , '2020-01-08 00:00:00' , 'YES' , 'Rejected' ),
( 6 , 1 ,  'MohamedFathyy' , '2020-07-21 11:12:50' , 'NO' , 'Accepted' ),
( 7 , 2 ,  'batyousef' , '2020-01-01 00:00:00' , 'abcdefgh abcdefghi abcdefghij a9k poik' , 'Rejected' ),
( 8 , 7 , 'twix123' , '2020-07-11 04:50:00' ,  '5' , 'Rejected' ),
( 9 , 9 ,  'MohamedFathyy' , '2020-01-01 09:40:07' , 'CHAT WITH HER'  , 'Rejected' ),
( 10 , 4 ,  'AbdallahHemdan' , '2020-01-14 00:00:00' , '.c.d.f...c.s' , 'Rejected' ),
( 11 , 5 ,  'yousef_elmahdy' , '2020-09-13 00:00:04' , '4' , 'Accepted' ),
( 12 , 4 , 'tmwilliamlin168' , '2020-01-17 00:00:00' , '.c.d.f.r.c.s'  , 'Accepted' ),
( 13 , 4 ,'MimixKiller'  , '2020-01-10 01:00:19' ,  '.c.d.f.r.c.'  , 'Rejected' ),
( 14 , 3 ,  'MimixKiller' , '2020-04-01 00:00:00' , '1'  , 'Accepted' ),
( 15 , 2 , 'batyousef' , '2020-01-01 07:00:00' ,  'abcdefgh abcdefghi abcdefghij a9k a11m' , 'Accepted' ),
( 16 , 7 ,  'tmwilliamlin168' , '2020-03-21 00:00:00' , '9' , 'Rejected' ),
( 17 , 9 , 'Elmahdyy' , '2020-01-01 09:10:20' , 'CHAT WITH HER!'  , 'Accepted' ),
( 18 , 2 ,  'gaserashraf' , '2020-02-17 00:00:00' , 'abcdefgh abcdefghi abcdefghij a9k a11p' , 'Rejected' ),
( 19 , 3 , 'yousef_elmahdy' , '2020-01-01 05:40:00' , '1'  , 'Accepted' ),
( 20 , 9 ,  'Elmahdyy' , '2020-11-12 00:00:00' , 'CHAT WITH HER'  , 'Rejected' );


insert into NyZaKa.Team_Submissions values
( 1 , 1 , 'Gunners' , '2020-01-01 05:06:45' , 'YES' , 'Rejected' ),
( 2 , 2 , 'Avengers' , '2020-01-05 02:07:41' , 'abcdefgh abcdefghi abcdefghij a9k a11m'  , 'Accepted' ),
( 3 , 4 ,  'No Rules' , '2020-01-10 10:06:00' , '.c.d.f.r.c' , 'Rejected' ),
( 4 , 5 ,  'No Fear' , '2020-02-01 00:00:00' , '4' , 'Accepted' ),
( 5 , 1 ,  'players' , '2020-01-08 00:00:00' , 'YES' , 'Rejected' ),
( 6 , 1 ,  'Avengers' , '2020-07-21 11:12:50' , 'NO' , 'Accepted' ),
( 7 , 2 ,  'Gunners' , '2020-01-01 00:00:00' , 'abcdefgh abcdefghi abcdefghij a9k poik' , 'Rejected' ),
( 8 , 7 , 'players' , '2020-07-11 04:50:00' ,  '5' , 'Rejected' ),
( 9 , 9 ,  'Little Boy' , '2020-01-01 09:40:07' , 'CHAT WITH HER'  , 'Rejected' ),
( 10 , 4 ,  'No Fear' , '2020-01-14 00:00:00' , '.c.d.f...c.s' , 'Rejected' ),
( 11 , 5 ,  'No Rules' , '2020-09-13 00:00:04' , '4' , 'Accepted' ),
( 12 , 4 , 'Rhinos' , '2020-01-17 00:00:00' , '.c.d.f.r.c.s'  , 'Accepted' ),
( 13 , 4 ,'Rhinos'  , '2020-01-10 01:00:19' ,  '.c.d.f.r.c.'  , 'Rejected' ),
( 14 , 3 ,  'Hellraisers' , '2020-04-01 00:00:00' , '1'  , 'Accepted' ),
( 15 , 2 , 'Rhinos' , '2020-01-01 07:00:00' ,  'abcdefgh abcdefghi abcdefghij a9k a11m' , 'Accepted' ),
( 16 , 7 ,  'Little Boy' , '2020-03-21 00:00:00' , '9' , 'Rejected' ),
( 17 , 9 , 'Rhinos' , '2020-01-01 09:10:20' , 'CHAT WITH HER!'  , 'Accepted' ),
( 18 , 2 ,  'Little Boy' , '2020-02-17 00:00:00' , 'abcdefgh abcdefghi abcdefghij a9k a11p' , 'Rejected' ),
( 19 , 3 , 'Rhinos' , '2020-01-01 05:40:00' , '1'  , 'Accepted' ),
( 20 , 9 ,  'Hellraisers' , '2020-11-12 00:00:00' , 'CHAT WITH HER'  , 'Rejected' );
